Respondent_ID,Date,Age_Group,Gender,Region,Product,Rating,Recommend,Feedback
1,2024-01-01,18-25,Male,West,Product A,4,Yes,Good
2,2024-01-02,36-50,Female,South,Product A,4,Yes,Good
3,2024-01-03,26-35,Female,South,Product C,2,No,Poor
4,2024-01-04,26-35,Female,West,Product A,5,Yes,Excellent
5,2024-01-05,18-25,Female,North,Product A,4,Yes,Good
6,2024-01-06,18-25,Male,North,Product C,3,No,Average
7,2024-01-07,18-25,Female,South,Product B,5,Yes,Excellent
8,2024-01-08,36-50,Male,North,Product C,4,Yes,Good
9,2024-01-09,26-35,Male,West,Product A,5,Yes,Excellent
10,2024-01-10,26-35,Male,North,Product B,5,Yes,Excellent
11,2024-01-11,18-25,Male,South,Product A,4,Yes,Good
12,2024-01-12,36-50,Male,West,Product A,4,Yes,Good
13,2024-01-13,36-50,Female,North,Product C,3,No,Average
14,2024-01-14,18-25,Female,East,Product A,5,Yes,Excellent
15,2024-01-15,18-25,Female,West,Product B,3,No,Average
16,2024-01-16,18-25,Female,West,Product B,3,No,Average
17,2024-01-17,18-25,Male,East,Product A,5,Yes,Excellent
18,2024-01-18,26-35,Female,East,Product C,3,No,Average
19,2024-01-19,18-25,Male,West,Product A,4,Yes,Good
20,2024-01-20,18-25,Female,East,Product B,5,Yes,Excellent
21,2024-01-21,26-35,Male,South,Product C,2,No,Poor
22,2024-01-22,18-25,Male,South,Product B,5,Yes,Excellent
23,2024-01-23,18-25,Female,South,Product C,2,No,Poor
24,2024-01-24,18-25,Male,West,Product A,5,Yes,Excellent
25,2024-01-25,18-25,Male,East,Product B,3,No,Average
26,2024-01-26,26-35,Female,East,Product A,4,Yes,Good
27,2024-01-27,18-25,Male,North,Product B,3,No,Average
28,2024-01-28,26-35,Female,North,Product C,3,No,Average
29,2024-01-29,26-35,Female,East,Product A,4,Yes,Good
30,2024-01-30,18-25,Female,East,Product B,4,Yes,Good
31,2024-01-31,26-35,Male,East,Product A,5,Yes,Excellent
32,2024-02-01,18-25,Male,West,Product B,5,Yes,Excellent
33,2024-02-02,18-25,Male,East,Product B,3,No,Average
34,2024-02-03,36-50,Female,North,Product C,3,No,Average
35,2024-02-04,36-50,Male,West,Product B,4,Yes,Good
36,2024-02-05,36-50,Female,East,Product A,5,Yes,Excellent
37,2024-02-06,18-25,Female,North,Product A,4,Yes,Good
38,2024-02-07,18-25,Male,West,Product A,4,Yes,Good
39,2024-02-08,26-35,Female,East,Product A,5,Yes,Excellent
40,2024-02-09,18-25,Male,East,Product A,4,Yes,Good
41,2024-02-10,18-25,Male,East,Product C,4,Yes,Good
42,2024-02-11,18-25,Male,West,Product B,4,Yes,Good
43,2024-02-12,18-25,Male,North,Product B,4,Yes,Good
44,2024-02-13,36-50,Male,North,Product A,4,Yes,Good
45,2024-02-14,18-25,Female,South,Product C,4,Yes,Good
46,2024-02-15,26-35,Female,East,Product B,3,No,Average
47,2024-02-16,18-25,Female,South,Product A,4,Yes,Good
48,2024-02-17,26-35,Male,South,Product B,4,Yes,Good
49,2024-02-18,26-35,Male,North,Product B,5,Yes,Excellent
50,2024-02-19,18-25,Male,West,Product A,4,Yes,Good
51,2024-02-20,36-50,Female,West,Product B,5,Yes,Excellent
52,2024-02-21,26-35,Male,North,Product B,4,Yes,Good
53,2024-02-22,36-50,Female,West,Product A,4,Yes,Good
54,2024-02-23,36-50,Female,South,Product C,4,Yes,Good
55,2024-02-24,26-35,Male,East,Product C,3,No,Average
56,2024-02-25,36-50,Male,North,Product B,3,No,Average
57,2024-02-26,18-25,Female,East,Product B,3,No,Average
58,2024-02-27,18-25,Male,West,Product B,4,Yes,Good
59,2024-02-28,18-25,Female,East,Product B,5,Yes,Excellent
60,2024-02-29,18-25,Male,West,Product B,4,Yes,Good
61,2024-03-01,18-25,Male,West,Product A,4,Yes,Good
62,2024-03-02,18-25,Female,South,Product B,3,No,Average
63,2024-03-03,36-50,Male,West,Product C,3,No,Average
64,2024-03-04,18-25,Female,South,Product B,4,Yes,Good
65,2024-03-05,18-25,Male,South,Product A,4,Yes,Good
66,2024-03-06,26-35,Female,South,Product C,3,No,Average
67,2024-03-07,18-25,Female,North,Product A,4,Yes,Good
68,2024-03-08,36-50,Male,North,Product A,5,Yes,Excellent
69,2024-03-09,18-25,Female,West,Product A,5,Yes,Excellent
70,2024-03-10,36-50,Male,South,Product A,5,Yes,Excellent
71,2024-03-11,26-35,Male,North,Product C,2,No,Poor
72,2024-03-12,18-25,Male,South,Product B,4,Yes,Good
73,2024-03-13,18-25,Female,East,Product A,4,Yes,Good
74,2024-03-14,36-50,Female,East,Product C,2,No,Poor
75,2024-03-15,26-35,Male,East,Product C,3,No,Average
76,2024-03-16,26-35,Male,West,Product C,3,No,Average
77,2024-03-17,26-35,Female,South,Product A,5,Yes,Excellent
78,2024-03-18,18-25,Male,East,Product B,3,No,Average
79,2024-03-19,18-25,Male,North,Product C,2,No,Poor
80,2024-03-20,18-25,Female,East,Product C,4,Yes,Good
81,2024-03-21,36-50,Male,East,Product A,4,Yes,Good
82,2024-03-22,26-35,Female,East,Product A,5,Yes,Excellent
83,2024-03-23,18-25,Male,West,Product B,5,Yes,Excellent
84,2024-03-24,18-25,Female,North,Product C,4,Yes,Good
85,2024-03-25,18-25,Male,South,Product B,5,Yes,Excellent
86,2024-03-26,18-25,Male,North,Product B,4,Yes,Good
87,2024-03-27,26-35,Female,South,Product A,5,Yes,Excellent
88,2024-03-28,26-35,Male,West,Product B,3,No,Average
89,2024-03-29,36-50,Female,West,Product C,4,Yes,Good
90,2024-03-30,18-25,Male,West,Product A,5,Yes,Excellent
91,2024-03-31,18-25,Female,West,Product C,3,No,Average
92,2024-04-01,26-35,Female,South,Product C,3,No,Average
93,2024-04-02,26-35,Female,East,Product A,5,Yes,Excellent
94,2024-04-03,26-35,Female,South,Product B,4,Yes,Good
95,2024-04-04,26-35,Male,North,Product A,5,Yes,Excellent
96,2024-04-05,18-25,Male,West,Product C,4,Yes,Good
97,2024-04-06,26-35,Female,West,Product B,5,Yes,Excellent
98,2024-04-07,18-25,Female,North,Product B,5,Yes,Excellent
99,2024-04-08,18-25,Female,South,Product C,4,Yes,Good
100,2024-04-09,18-25,Male,East,Product A,4,Yes,Good
101,2024-04-10,18-25,Male,East,Product C,4,Yes,Good
102,2024-04-11,26-35,Male,North,Product B,4,Yes,Good
103,2024-04-12,18-25,Male,East,Product A,5,Yes,Excellent
104,2024-04-13,26-35,Female,South,Product B,5,Yes,Excellent
105,2024-04-14,36-50,Female,South,Product C,2,No,Poor
106,2024-04-15,18-25,Female,North,Product A,5,Yes,Excellent
107,2024-04-16,18-25,Male,South,Product C,4,Yes,Good
108,2024-04-17,26-35,Male,West,Product C,4,Yes,Good
109,2024-04-18,18-25,Male,North,Product A,4,Yes,Good
110,2024-04-19,18-25,Female,South,Product C,3,No,Average
111,2024-04-20,18-25,Female,North,Product A,5,Yes,Excellent
112,2024-04-21,18-25,Male,East,Product A,4,Yes,Good
113,2024-04-22,36-50,Female,South,Product A,5,Yes,Excellent
114,2024-04-23,36-50,Male,West,Product C,3,No,Average
115,2024-04-24,26-35,Male,South,Product B,5,Yes,Excellent
116,2024-04-25,36-50,Female,North,Product A,5,Yes,Excellent
117,2024-04-26,36-50,Male,North,Product B,5,Yes,Excellent
118,2024-04-27,18-25,Female,South,Product B,5,Yes,Excellent
119,2024-04-28,36-50,Male,West,Product A,5,Yes,Excellent
120,2024-04-29,26-35,Female,West,Product C,2,No,Poor
121,2024-04-30,36-50,Female,West,Product C,2,No,Poor
122,2024-05-01,36-50,Female,North,Product B,4,Yes,Good
123,2024-05-02,18-25,Male,South,Product C,2,No,Poor
124,2024-05-03,18-25,Male,East,Product B,5,Yes,Excellent
125,2024-05-04,18-25,Female,North,Product C,4,Yes,Good
126,2024-05-05,18-25,Female,West,Product B,4,Yes,Good
127,2024-05-06,36-50,Male,South,Product B,3,No,Average
128,2024-05-07,36-50,Male,West,Product A,5,Yes,Excellent
129,2024-05-08,18-25,Male,East,Product C,2,No,Poor
130,2024-05-09,26-35,Female,West,Product B,5,Yes,Excellent
131,2024-05-10,18-25,Male,West,Product A,5,Yes,Excellent
132,2024-05-11,18-25,Male,East,Product A,4,Yes,Good
133,2024-05-12,18-25,Female,South,Product B,4,Yes,Good
134,2024-05-13,18-25,Male,North,Product B,3,No,Average
135,2024-05-14,36-50,Male,South,Product B,5,Yes,Excellent
136,2024-05-15,18-25,Male,East,Product C,4,Yes,Good
137,2024-05-16,26-35,Female,West,Product A,5,Yes,Excellent
138,2024-05-17,26-35,Female,South,Product B,5,Yes,Excellent
139,2024-05-18,18-25,Female,North,Product A,5,Yes,Excellent
140,2024-05-19,36-50,Female,East,Product C,2,No,Poor
141,2024-05-20,36-50,Female,South,Product C,4,Yes,Good
142,2024-05-21,18-25,Female,North,Product B,4,Yes,Good
143,2024-05-22,18-25,Female,East,Product B,4,Yes,Good
144,2024-05-23,18-25,Male,North,Product A,5,Yes,Excellent
145,2024-05-24,18-25,Male,East,Product B,3,No,Average
146,2024-05-25,18-25,Female,West,Product C,2,No,Poor
147,2024-05-26,26-35,Male,South,Product B,3,No,Average
148,2024-05-27,26-35,Male,North,Product A,4,Yes,Good
149,2024-05-28,18-25,Female,East,Product B,3,No,Average
150,2024-05-29,18-25,Male,North,Product C,4,Yes,Good
151,2024-05-30,36-50,Male,North,Product A,4,Yes,Good
152,2024-05-31,18-25,Male,South,Product A,4,Yes,Good
153,2024-06-01,18-25,Male,West,Product B,5,Yes,Excellent
154,2024-06-02,18-25,Male,North,Product C,2,No,Poor
155,2024-06-03,36-50,Female,East,Product A,5,Yes,Excellent
156,2024-06-04,18-25,Female,East,Product A,5,Yes,Excellent
157,2024-06-05,26-35,Female,West,Product A,4,Yes,Good
158,2024-06-06,26-35,Male,East,Product A,4,Yes,Good
159,2024-06-07,18-25,Female,West,Product B,4,Yes,Good
160,2024-06-08,26-35,Male,East,Product B,4,Yes,Good
161,2024-06-09,18-25,Male,South,Product B,4,Yes,Good
162,2024-06-10,26-35,Male,North,Product B,4,Yes,Good
163,2024-06-11,26-35,Male,South,Product A,4,Yes,Good
164,2024-06-12,26-35,Female,North,Product C,3,No,Average
165,2024-06-13,18-25,Female,North,Product B,4,Yes,Good
166,2024-06-14,36-50,Male,North,Product C,4,Yes,Good
167,2024-06-15,18-25,Female,South,Product B,4,Yes,Good
168,2024-06-16,18-25,Male,North,Product A,5,Yes,Excellent
169,2024-06-17,18-25,Female,South,Product B,5,Yes,Excellent
170,2024-06-18,26-35,Female,West,Product A,5,Yes,Excellent
171,2024-06-19,26-35,Male,East,Product B,5,Yes,Excellent
172,2024-06-20,18-25,Female,East,Product A,4,Yes,Good
173,2024-06-21,26-35,Male,North,Product A,4,Yes,Good
174,2024-06-22,18-25,Female,South,Product C,2,No,Poor
175,2024-06-23,26-35,Male,East,Product A,5,Yes,Excellent
176,2024-06-24,18-25,Male,South,Product C,4,Yes,Good
177,2024-06-25,26-35,Female,South,Product A,4,Yes,Good
178,2024-06-26,18-25,Female,North,Product B,3,No,Average
179,2024-06-27,36-50,Male,East,Product B,5,Yes,Excellent
180,2024-06-28,18-25,Female,North,Product B,3,No,Average
181,2024-06-29,18-25,Female,North,Product A,4,Yes,Good
182,2024-06-30,18-25,Male,East,Product A,5,Yes,Excellent
183,2024-07-01,36-50,Male,East,Product A,4,Yes,Good
184,2024-07-02,36-50,Female,West,Product A,5,Yes,Excellent
185,2024-07-03,18-25,Male,West,Product B,3,No,Average
186,2024-07-04,26-35,Male,South,Product C,4,Yes,Good
187,2024-07-05,36-50,Male,East,Product C,2,No,Poor
188,2024-07-06,26-35,Female,West,Product C,2,No,Poor
189,2024-07-07,26-35,Female,South,Product C,3,No,Average
190,2024-07-08,18-25,Male,South,Product B,4,Yes,Good
191,2024-07-09,18-25,Female,South,Product A,5,Yes,Excellent
192,2024-07-10,36-50,Male,West,Product C,2,No,Poor
193,2024-07-11,36-50,Female,East,Product B,5,Yes,Excellent
194,2024-07-12,26-35,Male,North,Product B,3,No,Average
195,2024-07-13,18-25,Male,South,Product A,4,Yes,Good
196,2024-07-14,18-25,Female,West,Product B,5,Yes,Excellent
197,2024-07-15,26-35,Male,West,Product B,5,Yes,Excellent
198,2024-07-16,36-50,Female,North,Product C,4,Yes,Good
199,2024-07-17,36-50,Female,North,Product B,5,Yes,Excellent
200,2024-07-18,26-35,Male,West,Product A,4,Yes,Good
201,2024-07-19,26-35,Male,East,Product C,2,No,Poor
202,2024-07-20,18-25,Female,North,Product A,5,Yes,Excellent
203,2024-07-21,18-25,Male,West,Product B,3,No,Average
204,2024-07-22,36-50,Male,North,Product A,4,Yes,Good
205,2024-07-23,26-35,Male,East,Product B,4,Yes,Good
206,2024-07-24,18-25,Male,South,Product C,4,Yes,Good
207,2024-07-25,18-25,Male,North,Product A,4,Yes,Good
208,2024-07-26,26-35,Female,East,Product C,3,No,Average
209,2024-07-27,18-25,Female,West,Product A,4,Yes,Good
210,2024-07-28,18-25,Male,North,Product C,3,No,Average
211,2024-07-29,26-35,Male,North,Product C,3,No,Average
212,2024-07-30,26-35,Male,West,Product C,2,No,Poor
213,2024-07-31,26-35,Female,South,Product A,4,Yes,Good
214,2024-08-01,18-25,Male,West,Product C,3,No,Average
215,2024-08-02,26-35,Female,North,Product B,4,Yes,Good
216,2024-08-03,18-25,Female,West,Product A,5,Yes,Excellent
217,2024-08-04,18-25,Female,East,Product C,4,Yes,Good
218,2024-08-05,26-35,Male,West,Product A,5,Yes,Excellent
219,2024-08-06,26-35,Female,North,Product C,3,No,Average
220,2024-08-07,36-50,Male,West,Product A,5,Yes,Excellent
221,2024-08-08,26-35,Female,South,Product B,5,Yes,Excellent
222,2024-08-09,26-35,Male,West,Product B,5,Yes,Excellent
223,2024-08-10,18-25,Female,South,Product A,5,Yes,Excellent
224,2024-08-11,18-25,Male,East,Product A,4,Yes,Good
225,2024-08-12,18-25,Female,South,Product A,4,Yes,Good
226,2024-08-13,18-25,Male,West,Product B,3,No,Average
227,2024-08-14,36-50,Male,North,Product A,5,Yes,Excellent
228,2024-08-15,18-25,Male,South,Product B,4,Yes,Good
229,2024-08-16,36-50,Male,East,Product A,4,Yes,Good
230,2024-08-17,26-35,Female,South,Product A,5,Yes,Excellent
231,2024-08-18,26-35,Female,South,Product B,4,Yes,Good
232,2024-08-19,26-35,Male,South,Product A,4,Yes,Good
233,2024-08-20,26-35,Female,East,Product C,4,Yes,Good
234,2024-08-21,18-25,Male,West,Product C,4,Yes,Good
235,2024-08-22,18-25,Male,South,Product B,4,Yes,Good
236,2024-08-23,26-35,Female,South,Product B,5,Yes,Excellent
237,2024-08-24,18-25,Male,North,Product C,3,No,Average
238,2024-08-25,18-25,Male,East,Product A,5,Yes,Excellent
239,2024-08-26,26-35,Female,South,Product A,4,Yes,Good
240,2024-08-27,18-25,Male,East,Product A,4,Yes,Good
241,2024-08-28,36-50,Male,South,Product C,2,No,Poor
242,2024-08-29,36-50,Male,West,Product A,5,Yes,Excellent
243,2024-08-30,36-50,Male,West,Product B,5,Yes,Excellent
244,2024-08-31,18-25,Female,South,Product C,2,No,Poor
245,2024-09-01,18-25,Female,West,Product C,4,Yes,Good
246,2024-09-02,36-50,Female,South,Product B,3,No,Average
247,2024-09-03,18-25,Male,West,Product A,5,Yes,Excellent
248,2024-09-04,36-50,Male,North,Product C,2,No,Poor
249,2024-09-05,36-50,Female,North,Product B,4,Yes,Good
250,2024-09-06,36-50,Male,North,Product A,4,Yes,Good
251,2024-09-07,18-25,Male,East,Product A,4,Yes,Good
252,2024-09-08,18-25,Male,East,Product C,3,No,Average
253,2024-09-09,36-50,Male,North,Product B,5,Yes,Excellent
254,2024-09-10,18-25,Female,East,Product C,2,No,Poor
255,2024-09-11,18-25,Female,West,Product C,3,No,Average
256,2024-09-12,26-35,Female,South,Product B,3,No,Average
257,2024-09-13,36-50,Male,South,Product B,4,Yes,Good
258,2024-09-14,26-35,Female,South,Product B,5,Yes,Excellent
259,2024-09-15,26-35,Female,North,Product A,4,Yes,Good
260,2024-09-16,18-25,Male,East,Product B,4,Yes,Good
261,2024-09-17,26-35,Male,West,Product C,3,No,Average
262,2024-09-18,36-50,Female,West,Product B,4,Yes,Good
263,2024-09-19,18-25,Female,North,Product C,4,Yes,Good
264,2024-09-20,26-35,Female,West,Product B,3,No,Average
265,2024-09-21,36-50,Female,West,Product B,5,Yes,Excellent
266,2024-09-22,26-35,Male,West,Product B,4,Yes,Good
267,2024-09-23,26-35,Female,West,Product B,4,Yes,Good
268,2024-09-24,26-35,Female,East,Product B,5,Yes,Excellent
269,2024-09-25,18-25,Male,West,Product A,5,Yes,Excellent
270,2024-09-26,18-25,Female,South,Product B,5,Yes,Excellent
271,2024-09-27,36-50,Male,North,Product A,5,Yes,Excellent
272,2024-09-28,36-50,Male,East,Product A,4,Yes,Good
273,2024-09-29,36-50,Male,West,Product B,3,No,Average
274,2024-09-30,36-50,Female,East,Product B,4,Yes,Good
275,2024-10-01,26-35,Female,West,Product C,4,Yes,Good
276,2024-10-02,26-35,Male,South,Product B,3,No,Average
277,2024-10-03,26-35,Female,North,Product B,5,Yes,Excellent
278,2024-10-04,26-35,Female,West,Product B,4,Yes,Good
279,2024-10-05,26-35,Male,West,Product B,5,Yes,Excellent
280,2024-10-06,26-35,Male,West,Product A,4,Yes,Good
281,2024-10-07,36-50,Female,West,Product A,4,Yes,Good
282,2024-10-08,18-25,Male,North,Product A,4,Yes,Good
283,2024-10-09,18-25,Female,North,Product B,4,Yes,Good
284,2024-10-10,18-25,Female,South,Product A,5,Yes,Excellent
285,2024-10-11,26-35,Female,North,Product A,5,Yes,Excellent
286,2024-10-12,18-25,Female,West,Product A,4,Yes,Good
287,2024-10-13,18-25,Male,South,Product C,2,No,Poor
288,2024-10-14,26-35,Male,South,Product A,5,Yes,Excellent
289,2024-10-15,18-25,Male,South,Product B,4,Yes,Good
290,2024-10-16,26-35,Male,West,Product A,4,Yes,Good
291,2024-10-17,18-25,Female,East,Product B,3,No,Average
292,2024-10-18,18-25,Female,West,Product A,4,Yes,Good
293,2024-10-19,36-50,Male,North,Product A,4,Yes,Good
294,2024-10-20,18-25,Female,North,Product B,4,Yes,Good
295,2024-10-21,18-25,Female,West,Product A,5,Yes,Excellent
296,2024-10-22,26-35,Female,West,Product A,4,Yes,Good
297,2024-10-23,26-35,Male,South,Product A,5,Yes,Excellent
298,2024-10-24,18-25,Male,West,Product A,4,Yes,Good
299,2024-10-25,26-35,Male,South,Product A,4,Yes,Good
300,2024-10-26,18-25,Female,North,Product A,4,Yes,Good
301,2024-10-27,18-25,Male,South,Product C,4,Yes,Good
302,2024-10-28,26-35,Male,West,Product B,5,Yes,Excellent
303,2024-10-29,26-35,Male,North,Product B,5,Yes,Excellent
304,2024-10-30,26-35,Male,East,Product A,5,Yes,Excellent
305,2024-10-31,26-35,Male,South,Product C,2,No,Poor
306,2024-11-01,36-50,Male,North,Product A,4,Yes,Good
307,2024-11-02,26-35,Female,South,Product A,5,Yes,Excellent
308,2024-11-03,18-25,Female,North,Product B,5,Yes,Excellent
309,2024-11-04,26-35,Male,North,Product A,5,Yes,Excellent
310,2024-11-05,18-25,Male,South,Product A,5,Yes,Excellent
311,2024-11-06,18-25,Female,East,Product B,5,Yes,Excellent
312,2024-11-07,18-25,Female,North,Product C,2,No,Poor
313,2024-11-08,18-25,Male,North,Product B,3,No,Average
314,2024-11-09,36-50,Male,North,Product B,3,No,Average
315,2024-11-10,36-50,Male,East,Product C,4,Yes,Good
316,2024-11-11,26-35,Male,East,Product A,5,Yes,Excellent
317,2024-11-12,18-25,Female,West,Product A,5,Yes,Excellent
318,2024-11-13,18-25,Male,South,Product A,5,Yes,Excellent
319,2024-11-14,18-25,Male,East,Product B,3,No,Average
320,2024-11-15,18-25,Male,South,Product B,3,No,Average
321,2024-11-16,26-35,Male,West,Product C,4,Yes,Good
322,2024-11-17,26-35,Female,South,Product B,4,Yes,Good
323,2024-11-18,26-35,Female,East,Product B,5,Yes,Excellent
324,2024-11-19,18-25,Female,South,Product A,5,Yes,Excellent
325,2024-11-20,36-50,Male,East,Product C,2,No,Poor
326,2024-11-21,26-35,Male,South,Product C,3,No,Average
327,2024-11-22,26-35,Female,East,Product C,3,No,Average
328,2024-11-23,26-35,Male,East,Product A,4,Yes,Good
329,2024-11-24,18-25,Male,South,Product B,4,Yes,Good
330,2024-11-25,18-25,Female,West,Product A,5,Yes,Excellent
331,2024-11-26,18-25,Female,North,Product A,4,Yes,Good
332,2024-11-27,26-35,Female,West,Product A,5,Yes,Excellent
333,2024-11-28,18-25,Female,South,Product B,3,No,Average
334,2024-11-29,18-25,Male,West,Product B,3,No,Average
335,2024-11-30,18-25,Male,East,Product A,4,Yes,Good
336,2024-12-01,18-25,Female,North,Product A,4,Yes,Good
337,2024-12-02,36-50,Male,South,Product B,3,No,Average
338,2024-12-03,26-35,Female,South,Product A,5,Yes,Excellent
339,2024-12-04,18-25,Female,South,Product A,4,Yes,Good
340,2024-12-05,18-25,Male,North,Product B,3,No,Average
341,2024-12-06,18-25,Female,East,Product C,4,Yes,Good
342,2024-12-07,18-25,Male,South,Product A,4,Yes,Good
343,2024-12-08,18-25,Male,West,Product A,5,Yes,Excellent
344,2024-12-09,18-25,Male,South,Product A,4,Yes,Good
345,2024-12-10,18-25,Male,South,Product C,3,No,Average
346,2024-12-11,26-35,Female,South,Product B,3,No,Average
347,2024-12-12,26-35,Male,South,Product B,4,Yes,Good
348,2024-12-13,18-25,Female,East,Product A,4,Yes,Good
349,2024-12-14,18-25,Female,West,Product B,3,No,Average
350,2024-12-15,26-35,Female,East,Product A,5,Yes,Excellent
351,2024-12-16,26-35,Female,West,Product B,5,Yes,Excellent
352,2024-12-17,36-50,Male,South,Product C,4,Yes,Good
353,2024-12-18,26-35,Male,North,Product B,4,Yes,Good
354,2024-12-19,18-25,Female,East,Product C,2,No,Poor
355,2024-12-20,18-25,Female,North,Product B,5,Yes,Excellent
356,2024-12-21,26-35,Male,East,Product A,5,Yes,Excellent
357,2024-12-22,18-25,Female,South,Product C,2,No,Poor
358,2024-12-23,26-35,Male,East,Product A,4,Yes,Good
359,2024-12-24,36-50,Female,South,Product B,5,Yes,Excellent
360,2024-12-25,26-35,Male,East,Product A,4,Yes,Good
361,2024-12-26,18-25,Female,South,Product A,4,Yes,Good
362,2024-12-27,26-35,Female,South,Product B,3,No,Average
363,2024-12-28,18-25,Male,West,Product A,5,Yes,Excellent
364,2024-12-29,26-35,Female,South,Product B,4,Yes,Good
365,2024-12-30,36-50,Female,West,Product B,5,Yes,Excellent
366,2024-12-31,18-25,Male,South,Product A,5,Yes,Excellent
367,2025-01-01,36-50,Female,North,Product A,4,Yes,Good
368,2025-01-02,36-50,Male,South,Product B,3,No,Average
369,2025-01-03,18-25,Male,North,Product A,4,Yes,Good
370,2025-01-04,18-25,Female,North,Product B,5,Yes,Excellent
371,2025-01-05,18-25,Female,South,Product B,3,No,Average
372,2025-01-06,18-25,Female,North,Product C,3,No,Average
373,2025-01-07,18-25,Female,West,Product B,3,No,Average
374,2025-01-08,26-35,Female,East,Product B,4,Yes,Good
375,2025-01-09,18-25,Female,South,Product B,4,Yes,Good
376,2025-01-10,18-25,Female,North,Product A,5,Yes,Excellent
377,2025-01-11,36-50,Male,South,Product A,5,Yes,Excellent
378,2025-01-12,18-25,Female,West,Product C,3,No,Average
379,2025-01-13,36-50,Male,South,Product B,3,No,Average
380,2025-01-14,18-25,Female,South,Product C,3,No,Average
381,2025-01-15,18-25,Female,North,Product C,2,No,Poor
382,2025-01-16,26-35,Male,West,Product C,3,No,Average
383,2025-01-17,26-35,Female,East,Product C,4,Yes,Good
384,2025-01-18,36-50,Female,East,Product B,4,Yes,Good
385,2025-01-19,26-35,Male,North,Product A,4,Yes,Good
386,2025-01-20,36-50,Female,South,Product B,4,Yes,Good
387,2025-01-21,18-25,Female,North,Product A,5,Yes,Excellent
388,2025-01-22,18-25,Female,North,Product B,4,Yes,Good
389,2025-01-23,26-35,Male,North,Product B,5,Yes,Excellent
390,2025-01-24,36-50,Female,South,Product B,5,Yes,Excellent
391,2025-01-25,36-50,Female,West,Product A,5,Yes,Excellent
392,2025-01-26,18-25,Female,North,Product A,5,Yes,Excellent
393,2025-01-27,18-25,Female,South,Product B,3,No,Average
394,2025-01-28,26-35,Male,West,Product A,5,Yes,Excellent
395,2025-01-29,18-25,Male,North,Product C,4,Yes,Good
396,2025-01-30,36-50,Female,East,Product A,5,Yes,Excellent
397,2025-01-31,36-50,Female,West,Product A,4,Yes,Good
398,2025-02-01,18-25,Male,North,Product A,4,Yes,Good
399,2025-02-02,26-35,Male,West,Product B,5,Yes,Excellent
400,2025-02-03,26-35,Female,West,Product B,4,Yes,Good
401,2025-02-04,18-25,Male,West,Product A,4,Yes,Good
402,2025-02-05,36-50,Female,West,Product A,4,Yes,Good
403,2025-02-06,26-35,Male,West,Product B,4,Yes,Good
404,2025-02-07,36-50,Male,West,Product A,4,Yes,Good
405,2025-02-08,18-25,Male,North,Product B,4,Yes,Good
406,2025-02-09,36-50,Male,East,Product B,5,Yes,Excellent
407,2025-02-10,18-25,Female,South,Product A,4,Yes,Good
408,2025-02-11,18-25,Male,West,Product A,4,Yes,Good
409,2025-02-12,36-50,Male,South,Product C,4,Yes,Good
410,2025-02-13,18-25,Female,North,Product B,3,No,Average
411,2025-02-14,18-25,Male,West,Product B,4,Yes,Good
412,2025-02-15,36-50,Male,East,Product A,4,Yes,Good
413,2025-02-16,36-50,Female,South,Product B,5,Yes,Excellent
414,2025-02-17,26-35,Male,West,Product A,4,Yes,Good
415,2025-02-18,26-35,Female,North,Product B,4,Yes,Good
416,2025-02-19,18-25,Female,East,Product C,4,Yes,Good
417,2025-02-20,18-25,Female,South,Product A,5,Yes,Excellent
418,2025-02-21,18-25,Female,South,Product A,4,Yes,Good
419,2025-02-22,26-35,Male,West,Product A,4,Yes,Good
420,2025-02-23,26-35,Female,East,Product A,5,Yes,Excellent
421,2025-02-24,26-35,Male,East,Product A,5,Yes,Excellent
422,2025-02-25,26-35,Male,East,Product A,4,Yes,Good
423,2025-02-26,18-25,Male,East,Product C,2,No,Poor
424,2025-02-27,18-25,Male,North,Product B,4,Yes,Good
425,2025-02-28,18-25,Male,East,Product A,4,Yes,Good
426,2025-03-01,26-35,Male,South,Product C,3,No,Average
427,2025-03-02,18-25,Male,South,Product A,4,Yes,Good
428,2025-03-03,36-50,Male,North,Product C,4,Yes,Good
429,2025-03-04,18-25,Male,South,Product A,4,Yes,Good
430,2025-03-05,18-25,Male,South,Product C,2,No,Poor
431,2025-03-06,18-25,Female,East,Product B,3,No,Average
432,2025-03-07,26-35,Female,South,Product C,2,No,Poor
433,2025-03-08,26-35,Female,North,Product C,2,No,Poor
434,2025-03-09,18-25,Male,East,Product A,4,Yes,Good
435,2025-03-10,18-25,Female,West,Product C,3,No,Average
436,2025-03-11,26-35,Female,East,Product A,4,Yes,Good
437,2025-03-12,18-25,Female,North,Product A,4,Yes,Good
438,2025-03-13,36-50,Male,East,Product A,4,Yes,Good
439,2025-03-14,26-35,Male,East,Product B,3,No,Average
440,2025-03-15,18-25,Male,North,Product A,5,Yes,Excellent
441,2025-03-16,18-25,Male,East,Product B,3,No,Average
442,2025-03-17,36-50,Female,North,Product B,5,Yes,Excellent
443,2025-03-18,18-25,Female,North,Product C,4,Yes,Good
444,2025-03-19,18-25,Female,West,Product C,3,No,Average
445,2025-03-20,36-50,Female,South,Product B,3,No,Average
446,2025-03-21,36-50,Male,South,Product A,4,Yes,Good
447,2025-03-22,36-50,Male,East,Product A,4,Yes,Good
448,2025-03-23,26-35,Male,East,Product A,4,Yes,Good
449,2025-03-24,18-25,Female,West,Product A,4,Yes,Good
450,2025-03-25,18-25,Male,West,Product A,5,Yes,Excellent
451,2025-03-26,26-35,Male,West,Product A,4,Yes,Good
452,2025-03-27,26-35,Female,North,Product C,4,Yes,Good
453,2025-03-28,18-25,Female,West,Product B,3,No,Average
454,2025-03-29,36-50,Male,West,Product A,4,Yes,Good
455,2025-03-30,18-25,Male,East,Product B,3,No,Average
456,2025-03-31,18-25,Male,West,Product A,4,Yes,Good
457,2025-04-01,18-25,Male,North,Product B,5,Yes,Excellent
458,2025-04-02,18-25,Male,North,Product B,3,No,Average
459,2025-04-03,18-25,Male,East,Product B,3,No,Average
460,2025-04-04,18-25,Female,West,Product B,5,Yes,Excellent
461,2025-04-05,18-25,Female,West,Product C,3,No,Average
462,2025-04-06,26-35,Female,North,Product C,2,No,Poor
463,2025-04-07,26-35,Male,West,Product B,4,Yes,Good
464,2025-04-08,26-35,Female,West,Product B,3,No,Average
465,2025-04-09,36-50,Male,West,Product B,3,No,Average
466,2025-04-10,18-25,Male,South,Product A,4,Yes,Good
467,2025-04-11,18-25,Female,East,Product A,4,Yes,Good
468,2025-04-12,36-50,Male,South,Product A,5,Yes,Excellent
469,2025-04-13,18-25,Male,East,Product B,3,No,Average
470,2025-04-14,36-50,Female,North,Product B,5,Yes,Excellent
471,2025-04-15,18-25,Female,West,Product A,5,Yes,Excellent
472,2025-04-16,36-50,Female,East,Product C,4,Yes,Good
473,2025-04-17,18-25,Male,South,Product C,3,No,Average
474,2025-04-18,36-50,Female,West,Product B,3,No,Average
475,2025-04-19,26-35,Female,North,Product B,5,Yes,Excellent
476,2025-04-20,36-50,Male,East,Product C,3,No,Average
477,2025-04-21,18-25,Female,East,Product A,4,Yes,Good
478,2025-04-22,26-35,Female,East,Product C,4,Yes,Good
479,2025-04-23,36-50,Female,West,Product A,4,Yes,Good
480,2025-04-24,26-35,Male,South,Product C,3,No,Average
481,2025-04-25,26-35,Male,South,Product A,4,Yes,Good
482,2025-04-26,26-35,Male,East,Product C,2,No,Poor
483,2025-04-27,18-25,Male,North,Product C,4,Yes,Good
484,2025-04-28,26-35,Female,North,Product A,4,Yes,Good
485,2025-04-29,26-35,Male,South,Product B,5,Yes,Excellent
486,2025-04-30,36-50,Male,North,Product C,2,No,Poor
487,2025-05-01,18-25,Female,South,Product B,4,Yes,Good
488,2025-05-02,18-25,Female,East,Product C,3,No,Average
489,2025-05-03,36-50,Female,South,Product B,3,No,Average
490,2025-05-04,36-50,Male,South,Product A,5,Yes,Excellent
491,2025-05-05,18-25,Male,East,Product A,5,Yes,Excellent
492,2025-05-06,26-35,Male,North,Product A,4,Yes,Good
493,2025-05-07,18-25,Female,South,Product C,3,No,Average
494,2025-05-08,18-25,Female,South,Product A,5,Yes,Excellent
495,2025-05-09,18-25,Male,East,Product B,4,Yes,Good
496,2025-05-10,18-25,Female,North,Product B,4,Yes,Good
497,2025-05-11,26-35,Female,South,Product B,5,Yes,Excellent
498,2025-05-12,18-25,Female,East,Product C,2,No,Poor
499,2025-05-13,36-50,Male,South,Product C,4,Yes,Good
500,2025-05-14,36-50,Female,West,Product B,3,No,Average
501,2025-05-15,26-35,Female,East,Product C,2,No,Poor
502,2025-05-16,26-35,Male,North,Product C,2,No,Poor
503,2025-05-17,18-25,Male,North,Product B,4,Yes,Good
504,2025-05-18,36-50,Female,North,Product C,3,No,Average
505,2025-05-19,26-35,Female,North,Product A,4,Yes,Good
506,2025-05-20,18-25,Male,South,Product A,4,Yes,Good
507,2025-05-21,36-50,Male,South,Product C,3,No,Average
508,2025-05-22,36-50,Female,North,Product B,5,Yes,Excellent
509,2025-05-23,36-50,Female,North,Product C,2,No,Poor
510,2025-05-24,26-35,Female,North,Product C,4,Yes,Good
511,2025-05-25,26-35,Female,South,Product A,5,Yes,Excellent
512,2025-05-26,18-25,Male,North,Product C,2,No,Poor
513,2025-05-27,36-50,Female,North,Product B,5,Yes,Excellent
514,2025-05-28,36-50,Female,West,Product B,5,Yes,Excellent
515,2025-05-29,18-25,Male,West,Product B,5,Yes,Excellent
516,2025-05-30,18-25,Female,North,Product C,3,No,Average
517,2025-05-31,18-25,Male,East,Product A,5,Yes,Excellent
518,2025-06-01,36-50,Female,North,Product B,5,Yes,Excellent
519,2025-06-02,36-50,Female,West,Product B,5,Yes,Excellent
520,2025-06-03,18-25,Male,East,Product B,4,Yes,Good
521,2025-06-04,26-35,Male,East,Product B,5,Yes,Excellent
522,2025-06-05,18-25,Female,North,Product A,5,Yes,Excellent
523,2025-06-06,36-50,Female,West,Product A,5,Yes,Excellent
524,2025-06-07,36-50,Female,West,Product A,4,Yes,Good
525,2025-06-08,36-50,Male,East,Product C,3,No,Average
526,2025-06-09,18-25,Female,North,Product A,4,Yes,Good
527,2025-06-10,18-25,Male,South,Product A,4,Yes,Good
528,2025-06-11,18-25,Male,South,Product C,4,Yes,Good
529,2025-06-12,18-25,Female,West,Product A,5,Yes,Excellent
530,2025-06-13,36-50,Male,South,Product C,4,Yes,Good
531,2025-06-14,36-50,Female,West,Product B,4,Yes,Good
532,2025-06-15,36-50,Female,West,Product C,3,No,Average
533,2025-06-16,36-50,Female,West,Product A,5,Yes,Excellent
534,2025-06-17,26-35,Female,South,Product A,4,Yes,Good
535,2025-06-18,26-35,Female,West,Product B,3,No,Average
536,2025-06-19,36-50,Male,East,Product C,4,Yes,Good
537,2025-06-20,36-50,Male,North,Product B,4,Yes,Good
538,2025-06-21,18-25,Female,North,Product A,4,Yes,Good
539,2025-06-22,18-25,Female,West,Product C,4,Yes,Good
540,2025-06-23,18-25,Male,North,Product C,2,No,Poor
541,2025-06-24,36-50,Male,South,Product B,3,No,Average
542,2025-06-25,26-35,Male,South,Product C,3,No,Average
543,2025-06-26,18-25,Male,North,Product C,3,No,Average
544,2025-06-27,26-35,Female,South,Product B,3,No,Average
545,2025-06-28,26-35,Female,North,Product A,5,Yes,Excellent
546,2025-06-29,18-25,Male,North,Product B,3,No,Average
547,2025-06-30,18-25,Female,North,Product A,5,Yes,Excellent
548,2025-07-01,26-35,Male,West,Product B,5,Yes,Excellent
549,2025-07-02,26-35,Female,North,Product B,4,Yes,Good
550,2025-07-03,26-35,Male,West,Product A,5,Yes,Excellent
551,2025-07-04,26-35,Female,North,Product A,4,Yes,Good
552,2025-07-05,36-50,Male,North,Product A,4,Yes,Good
553,2025-07-06,26-35,Male,North,Product C,2,No,Poor
554,2025-07-07,26-35,Female,South,Product C,4,Yes,Good
555,2025-07-08,36-50,Male,West,Product A,5,Yes,Excellent
556,2025-07-09,18-25,Female,West,Product C,2,No,Poor
557,2025-07-10,18-25,Female,North,Product B,5,Yes,Excellent
558,2025-07-11,18-25,Male,North,Product A,4,Yes,Good
559,2025-07-12,26-35,Female,South,Product A,5,Yes,Excellent
560,2025-07-13,26-35,Female,South,Product B,3,No,Average
561,2025-07-14,26-35,Female,South,Product C,4,Yes,Good
562,2025-07-15,18-25,Female,West,Product B,4,Yes,Good
563,2025-07-16,18-25,Female,West,Product A,4,Yes,Good
564,2025-07-17,18-25,Male,West,Product A,5,Yes,Excellent
565,2025-07-18,18-25,Female,North,Product B,3,No,Average
566,2025-07-19,26-35,Female,West,Product A,5,Yes,Excellent
567,2025-07-20,18-25,Female,East,Product A,4,Yes,Good
568,2025-07-21,18-25,Female,East,Product A,4,Yes,Good
569,2025-07-22,36-50,Female,South,Product C,4,Yes,Good
570,2025-07-23,18-25,Male,West,Product C,2,No,Poor
571,2025-07-24,26-35,Female,East,Product B,4,Yes,Good
572,2025-07-25,26-35,Male,South,Product C,3,No,Average
573,2025-07-26,18-25,Male,West,Product A,4,Yes,Good
574,2025-07-27,26-35,Male,North,Product B,3,No,Average
575,2025-07-28,36-50,Male,East,Product A,5,Yes,Excellent
576,2025-07-29,36-50,Female,North,Product B,4,Yes,Good
577,2025-07-30,18-25,Male,West,Product C,3,No,Average
578,2025-07-31,36-50,Male,East,Product B,4,Yes,Good
579,2025-08-01,18-25,Female,West,Product A,4,Yes,Good
580,2025-08-02,18-25,Female,North,Product B,3,No,Average
581,2025-08-03,18-25,Female,East,Product A,4,Yes,Good
582,2025-08-04,36-50,Male,North,Product C,3,No,Average
583,2025-08-05,18-25,Female,West,Product B,5,Yes,Excellent
584,2025-08-06,18-25,Female,West,Product B,3,No,Average
585,2025-08-07,26-35,Male,North,Product B,3,No,Average
586,2025-08-08,18-25,Female,East,Product B,5,Yes,Excellent
587,2025-08-09,18-25,Female,North,Product A,5,Yes,Excellent
588,2025-08-10,18-25,Female,West,Product B,4,Yes,Good
589,2025-08-11,18-25,Female,North,Product A,5,Yes,Excellent
590,2025-08-12,18-25,Male,West,Product B,4,Yes,Good
591,2025-08-13,18-25,Female,North,Product C,4,Yes,Good
592,2025-08-14,26-35,Female,East,Product C,4,Yes,Good
593,2025-08-15,18-25,Male,East,Product B,3,No,Average
594,2025-08-16,18-25,Female,North,Product B,4,Yes,Good
595,2025-08-17,36-50,Male,North,Product A,5,Yes,Excellent
596,2025-08-18,18-25,Female,East,Product C,3,No,Average
597,2025-08-19,26-35,Male,West,Product A,5,Yes,Excellent
598,2025-08-20,18-25,Male,East,Product B,5,Yes,Excellent
599,2025-08-21,18-25,Male,West,Product A,5,Yes,Excellent
600,2025-08-22,18-25,Male,North,Product A,4,Yes,Good
601,2025-08-23,18-25,Female,North,Product B,4,Yes,Good
602,2025-08-24,18-25,Male,West,Product A,5,Yes,Excellent
603,2025-08-25,18-25,Female,North,Product B,3,No,Average
604,2025-08-26,18-25,Male,West,Product A,5,Yes,Excellent
605,2025-08-27,18-25,Male,South,Product A,5,Yes,Excellent
606,2025-08-28,18-25,Male,East,Product B,4,Yes,Good
607,2025-08-29,18-25,Female,South,Product A,4,Yes,Good
608,2025-08-30,18-25,Male,West,Product A,4,Yes,Good
609,2025-08-31,26-35,Female,East,Product B,5,Yes,Excellent
610,2025-09-01,26-35,Female,West,Product A,5,Yes,Excellent
611,2025-09-02,18-25,Female,East,Product C,4,Yes,Good
612,2025-09-03,26-35,Female,East,Product A,5,Yes,Excellent
613,2025-09-04,26-35,Female,East,Product A,4,Yes,Good
614,2025-09-05,18-25,Female,East,Product B,3,No,Average
615,2025-09-06,36-50,Female,West,Product A,5,Yes,Excellent
616,2025-09-07,36-50,Female,East,Product A,4,Yes,Good
617,2025-09-08,18-25,Female,East,Product A,5,Yes,Excellent
618,2025-09-09,18-25,Male,South,Product A,5,Yes,Excellent
619,2025-09-10,36-50,Male,North,Product C,2,No,Poor
620,2025-09-11,26-35,Male,North,Product A,5,Yes,Excellent
621,2025-09-12,18-25,Male,South,Product C,3,No,Average
622,2025-09-13,18-25,Male,South,Product C,2,No,Poor
623,2025-09-14,18-25,Female,West,Product B,5,Yes,Excellent
624,2025-09-15,18-25,Female,West,Product C,4,Yes,Good
625,2025-09-16,26-35,Female,West,Product A,5,Yes,Excellent
626,2025-09-17,18-25,Female,South,Product C,3,No,Average
627,2025-09-18,18-25,Female,South,Product A,4,Yes,Good
628,2025-09-19,26-35,Female,East,Product B,3,No,Average
629,2025-09-20,18-25,Female,West,Product B,5,Yes,Excellent
630,2025-09-21,18-25,Male,West,Product A,4,Yes,Good
631,2025-09-22,26-35,Male,West,Product B,5,Yes,Excellent
632,2025-09-23,36-50,Male,North,Product B,5,Yes,Excellent
633,2025-09-24,26-35,Male,East,Product A,5,Yes,Excellent
634,2025-09-25,26-35,Female,West,Product A,5,Yes,Excellent
635,2025-09-26,18-25,Female,West,Product B,4,Yes,Good
636,2025-09-27,18-25,Female,West,Product B,3,No,Average
637,2025-09-28,26-35,Male,North,Product C,2,No,Poor
638,2025-09-29,18-25,Female,North,Product C,2,No,Poor
639,2025-09-30,18-25,Female,South,Product C,2,No,Poor
640,2025-10-01,18-25,Female,East,Product B,5,Yes,Excellent
641,2025-10-02,18-25,Male,South,Product A,5,Yes,Excellent
642,2025-10-03,18-25,Female,East,Product A,5,Yes,Excellent
643,2025-10-04,18-25,Male,North,Product C,2,No,Poor
644,2025-10-05,18-25,Male,West,Product B,3,No,Average
645,2025-10-06,18-25,Male,South,Product A,5,Yes,Excellent
646,2025-10-07,36-50,Male,West,Product A,4,Yes,Good
647,2025-10-08,26-35,Female,South,Product C,4,Yes,Good
648,2025-10-09,26-35,Male,North,Product B,3,No,Average
649,2025-10-10,26-35,Male,North,Product B,4,Yes,Good
650,2025-10-11,18-25,Female,North,Product B,4,Yes,Good
651,2025-10-12,18-25,Female,South,Product A,5,Yes,Excellent
652,2025-10-13,26-35,Male,East,Product A,5,Yes,Excellent
653,2025-10-14,26-35,Female,South,Product A,4,Yes,Good
654,2025-10-15,26-35,Male,East,Product A,5,Yes,Excellent
655,2025-10-16,18-25,Male,South,Product C,3,No,Average
656,2025-10-17,18-25,Male,South,Product B,5,Yes,Excellent
657,2025-10-18,18-25,Male,North,Product C,4,Yes,Good
658,2025-10-19,18-25,Female,West,Product C,2,No,Poor
659,2025-10-20,26-35,Male,West,Product A,4,Yes,Good
660,2025-10-21,26-35,Female,East,Product B,3,No,Average
661,2025-10-22,18-25,Female,West,Product B,4,Yes,Good
662,2025-10-23,36-50,Female,South,Product C,3,No,Average
663,2025-10-24,26-35,Female,South,Product A,5,Yes,Excellent
664,2025-10-25,18-25,Male,North,Product B,5,Yes,Excellent
665,2025-10-26,18-25,Female,North,Product B,3,No,Average
666,2025-10-27,18-25,Male,West,Product A,5,Yes,Excellent
667,2025-10-28,18-25,Female,East,Product A,4,Yes,Good
668,2025-10-29,18-25,Female,West,Product B,4,Yes,Good
669,2025-10-30,18-25,Male,West,Product B,5,Yes,Excellent
670,2025-10-31,18-25,Male,West,Product A,5,Yes,Excellent
671,2025-11-01,18-25,Male,West,Product B,5,Yes,Excellent
672,2025-11-02,36-50,Female,South,Product A,4,Yes,Good
673,2025-11-03,18-25,Female,East,Product B,5,Yes,Excellent
674,2025-11-04,26-35,Male,South,Product A,4,Yes,Good
675,2025-11-05,18-25,Male,East,Product C,2,No,Poor
676,2025-11-06,36-50,Male,North,Product A,5,Yes,Excellent
677,2025-11-07,18-25,Male,West,Product A,4,Yes,Good
678,2025-11-08,18-25,Female,South,Product A,4,Yes,Good
679,2025-11-09,36-50,Male,East,Product A,4,Yes,Good
680,2025-11-10,36-50,Male,North,Product B,5,Yes,Excellent
681,2025-11-11,36-50,Male,North,Product A,4,Yes,Good
682,2025-11-12,18-25,Male,West,Product C,4,Yes,Good
683,2025-11-13,18-25,Female,East,Product A,5,Yes,Excellent
684,2025-11-14,26-35,Male,South,Product A,4,Yes,Good
685,2025-11-15,36-50,Female,West,Product A,4,Yes,Good
686,2025-11-16,26-35,Male,South,Product A,4,Yes,Good
687,2025-11-17,26-35,Male,North,Product A,4,Yes,Good
688,2025-11-18,18-25,Female,South,Product B,5,Yes,Excellent
689,2025-11-19,26-35,Male,South,Product B,5,Yes,Excellent
690,2025-11-20,18-25,Female,West,Product B,3,No,Average
691,2025-11-21,18-25,Female,South,Product B,5,Yes,Excellent
692,2025-11-22,18-25,Male,West,Product B,4,Yes,Good
693,2025-11-23,26-35,Female,North,Product A,4,Yes,Good
694,2025-11-24,18-25,Female,West,Product B,4,Yes,Good
695,2025-11-25,18-25,Female,West,Product C,4,Yes,Good
696,2025-11-26,26-35,Female,East,Product B,3,No,Average
697,2025-11-27,18-25,Female,South,Product B,5,Yes,Excellent
698,2025-11-28,26-35,Female,North,Product A,5,Yes,Excellent
699,2025-11-29,18-25,Female,West,Product C,3,No,Average
700,2025-11-30,18-25,Female,North,Product C,4,Yes,Good
701,2025-12-01,26-35,Male,East,Product B,4,Yes,Good
702,2025-12-02,18-25,Male,South,Product C,3,No,Average
703,2025-12-03,18-25,Female,West,Product A,4,Yes,Good
704,2025-12-04,18-25,Male,South,Product A,5,Yes,Excellent
705,2025-12-05,18-25,Female,East,Product C,4,Yes,Good
706,2025-12-06,36-50,Female,East,Product C,4,Yes,Good
707,2025-12-07,18-25,Male,North,Product A,5,Yes,Excellent
708,2025-12-08,36-50,Female,West,Product A,4,Yes,Good
709,2025-12-09,18-25,Female,North,Product A,5,Yes,Excellent
710,2025-12-10,26-35,Female,East,Product A,4,Yes,Good
711,2025-12-11,26-35,Female,South,Product C,4,Yes,Good
712,2025-12-12,26-35,Male,North,Product B,3,No,Average
713,2025-12-13,18-25,Female,North,Product A,4,Yes,Good
714,2025-12-14,18-25,Female,South,Product A,4,Yes,Good
715,2025-12-15,18-25,Female,North,Product A,5,Yes,Excellent
716,2025-12-16,36-50,Male,South,Product A,4,Yes,Good
717,2025-12-17,36-50,Female,West,Product B,3,No,Average
718,2025-12-18,36-50,Male,South,Product C,2,No,Poor
719,2025-12-19,18-25,Male,West,Product C,2,No,Poor
720,2025-12-20,26-35,Female,South,Product A,4,Yes,Good
721,2025-12-21,36-50,Female,East,Product C,4,Yes,Good
722,2025-12-22,18-25,Male,East,Product C,4,Yes,Good
723,2025-12-23,18-25,Female,West,Product C,3,No,Average
724,2025-12-24,26-35,Male,West,Product B,4,Yes,Good
725,2025-12-25,26-35,Male,East,Product A,4,Yes,Good
726,2025-12-26,36-50,Female,West,Product A,4,Yes,Good
727,2025-12-27,18-25,Female,South,Product A,4,Yes,Good
728,2025-12-28,26-35,Male,South,Product A,5,Yes,Excellent
729,2025-12-29,18-25,Male,East,Product A,5,Yes,Excellent
730,2025-12-30,18-25,Male,North,Product B,5,Yes,Excellent
731,2025-12-31,18-25,Male,South,Product B,5,Yes,Excellent
732,2026-01-01,36-50,Female,West,Product B,5,Yes,Excellent
733,2026-01-02,26-35,Female,North,Product A,5,Yes,Excellent
734,2026-01-03,26-35,Female,North,Product C,3,No,Average
735,2026-01-04,18-25,Female,South,Product C,4,Yes,Good
736,2026-01-05,36-50,Female,South,Product C,2,No,Poor
737,2026-01-06,18-25,Male,North,Product C,4,Yes,Good
738,2026-01-07,36-50,Female,North,Product B,5,Yes,Excellent
739,2026-01-08,18-25,Female,East,Product C,2,No,Poor
740,2026-01-09,18-25,Female,West,Product A,4,Yes,Good
741,2026-01-10,18-25,Female,East,Product A,4,Yes,Good
742,2026-01-11,18-25,Female,South,Product A,5,Yes,Excellent
743,2026-01-12,26-35,Male,East,Product A,5,Yes,Excellent
744,2026-01-13,26-35,Male,East,Product A,5,Yes,Excellent
745,2026-01-14,18-25,Male,East,Product B,4,Yes,Good
746,2026-01-15,36-50,Female,East,Product C,2,No,Poor
747,2026-01-16,18-25,Male,West,Product B,4,Yes,Good
748,2026-01-17,26-35,Male,West,Product A,5,Yes,Excellent
749,2026-01-18,36-50,Female,North,Product C,3,No,Average
750,2026-01-19,26-35,Female,South,Product B,3,No,Average
751,2026-01-20,18-25,Female,East,Product A,5,Yes,Excellent
752,2026-01-21,36-50,Male,North,Product B,5,Yes,Excellent
753,2026-01-22,26-35,Male,North,Product A,5,Yes,Excellent
754,2026-01-23,18-25,Female,North,Product A,4,Yes,Good
755,2026-01-24,18-25,Female,West,Product C,2,No,Poor
756,2026-01-25,26-35,Male,East,Product A,5,Yes,Excellent
757,2026-01-26,26-35,Male,East,Product B,5,Yes,Excellent
758,2026-01-27,26-35,Female,South,Product C,4,Yes,Good
759,2026-01-28,36-50,Female,East,Product B,4,Yes,Good
760,2026-01-29,26-35,Male,East,Product A,5,Yes,Excellent
761,2026-01-30,18-25,Female,North,Product A,5,Yes,Excellent
762,2026-01-31,18-25,Male,South,Product A,4,Yes,Good
763,2026-02-01,18-25,Male,East,Product B,5,Yes,Excellent
764,2026-02-02,26-35,Male,West,Product B,3,No,Average
765,2026-02-03,18-25,Male,East,Product A,5,Yes,Excellent
766,2026-02-04,26-35,Female,North,Product C,2,No,Poor
767,2026-02-05,26-35,Female,West,Product B,5,Yes,Excellent
768,2026-02-06,36-50,Male,North,Product A,4,Yes,Good
769,2026-02-07,18-25,Male,East,Product B,5,Yes,Excellent
770,2026-02-08,36-50,Male,West,Product B,5,Yes,Excellent
771,2026-02-09,18-25,Male,South,Product A,4,Yes,Good
772,2026-02-10,36-50,Male,South,Product A,4,Yes,Good
773,2026-02-11,18-25,Female,West,Product C,3,No,Average
774,2026-02-12,18-25,Female,West,Product B,4,Yes,Good
775,2026-02-13,26-35,Female,North,Product B,4,Yes,Good
776,2026-02-14,18-25,Female,West,Product B,5,Yes,Excellent
777,2026-02-15,18-25,Male,North,Product A,4,Yes,Good
778,2026-02-16,26-35,Male,East,Product A,5,Yes,Excellent
779,2026-02-17,26-35,Male,North,Product B,5,Yes,Excellent
780,2026-02-18,26-35,Male,West,Product A,5,Yes,Excellent
781,2026-02-19,26-35,Male,West,Product A,4,Yes,Good
782,2026-02-20,26-35,Female,East,Product C,4,Yes,Good
783,2026-02-21,18-25,Male,West,Product C,3,No,Average
784,2026-02-22,18-25,Female,West,Product C,3,No,Average
785,2026-02-23,18-25,Female,South,Product C,3,No,Average
786,2026-02-24,36-50,Female,South,Product A,4,Yes,Good
787,2026-02-25,26-35,Female,East,Product C,2,No,Poor
788,2026-02-26,18-25,Male,North,Product A,4,Yes,Good
789,2026-02-27,18-25,Female,South,Product C,3,No,Average
790,2026-02-28,36-50,Female,North,Product C,3,No,Average
791,2026-03-01,18-25,Female,West,Product B,4,Yes,Good
792,2026-03-02,26-35,Male,South,Product C,3,No,Average
793,2026-03-03,26-35,Male,East,Product B,3,No,Average
794,2026-03-04,26-35,Male,East,Product A,4,Yes,Good
795,2026-03-05,18-25,Female,East,Product B,5,Yes,Excellent
796,2026-03-06,36-50,Female,South,Product B,5,Yes,Excellent
797,2026-03-07,36-50,Male,North,Product A,4,Yes,Good
798,2026-03-08,26-35,Female,West,Product B,4,Yes,Good
799,2026-03-09,26-35,Male,North,Product C,3,No,Average
800,2026-03-10,36-50,Male,North,Product A,5,Yes,Excellent
801,2026-03-11,26-35,Female,West,Product C,4,Yes,Good
802,2026-03-12,18-25,Female,West,Product C,3,No,Average
803,2026-03-13,26-35,Female,South,Product C,3,No,Average
804,2026-03-14,26-35,Female,South,Product C,2,No,Poor
805,2026-03-15,18-25,Male,South,Product B,3,No,Average
806,2026-03-16,26-35,Male,South,Product C,3,No,Average
807,2026-03-17,36-50,Male,South,Product C,2,No,Poor
808,2026-03-18,36-50,Male,West,Product A,4,Yes,Good
809,2026-03-19,18-25,Male,North,Product B,4,Yes,Good
810,2026-03-20,18-25,Female,South,Product B,4,Yes,Good
811,2026-03-21,36-50,Male,South,Product A,5,Yes,Excellent
812,2026-03-22,36-50,Male,North,Product B,4,Yes,Good
813,2026-03-23,18-25,Male,South,Product B,4,Yes,Good
814,2026-03-24,36-50,Female,North,Product A,4,Yes,Good
815,2026-03-25,36-50,Female,North,Product B,5,Yes,Excellent
816,2026-03-26,26-35,Female,West,Product C,3,No,Average
817,2026-03-27,26-35,Female,East,Product B,3,No,Average
818,2026-03-28,18-25,Male,West,Product A,5,Yes,Excellent
819,2026-03-29,18-25,Male,East,Product A,5,Yes,Excellent
820,2026-03-30,18-25,Female,East,Product A,5,Yes,Excellent
821,2026-03-31,36-50,Female,East,Product C,2,No,Poor
822,2026-04-01,18-25,Male,South,Product A,5,Yes,Excellent
823,2026-04-02,18-25,Male,West,Product B,5,Yes,Excellent
824,2026-04-03,18-25,Female,East,Product A,5,Yes,Excellent
825,2026-04-04,26-35,Female,North,Product A,5,Yes,Excellent
826,2026-04-05,36-50,Female,South,Product C,3,No,Average
827,2026-04-06,18-25,Female,West,Product B,5,Yes,Excellent
828,2026-04-07,18-25,Male,East,Product A,4,Yes,Good
829,2026-04-08,26-35,Male,North,Product B,3,No,Average
830,2026-04-09,18-25,Male,West,Product A,4,Yes,Good
831,2026-04-10,18-25,Female,West,Product B,5,Yes,Excellent
832,2026-04-11,18-25,Female,South,Product B,5,Yes,Excellent
833,2026-04-12,18-25,Male,West,Product A,4,Yes,Good
834,2026-04-13,18-25,Male,South,Product A,4,Yes,Good
835,2026-04-14,18-25,Male,East,Product A,5,Yes,Excellent
836,2026-04-15,18-25,Male,South,Product C,4,Yes,Good
837,2026-04-16,36-50,Female,North,Product C,2,No,Poor
838,2026-04-17,18-25,Male,South,Product A,4,Yes,Good
839,2026-04-18,26-35,Male,North,Product C,4,Yes,Good
840,2026-04-19,26-35,Male,South,Product A,5,Yes,Excellent
841,2026-04-20,18-25,Male,West,Product A,4,Yes,Good
842,2026-04-21,26-35,Male,East,Product C,3,No,Average
843,2026-04-22,18-25,Male,North,Product C,2,No,Poor
844,2026-04-23,36-50,Male,South,Product C,4,Yes,Good
845,2026-04-24,18-25,Female,South,Product B,5,Yes,Excellent
846,2026-04-25,18-25,Female,South,Product A,4,Yes,Good
847,2026-04-26,18-25,Female,West,Product C,2,No,Poor
848,2026-04-27,36-50,Female,West,Product A,5,Yes,Excellent
849,2026-04-28,26-35,Male,North,Product B,5,Yes,Excellent
850,2026-04-29,26-35,Female,North,Product A,4,Yes,Good
851,2026-04-30,18-25,Female,West,Product B,3,No,Average
852,2026-05-01,26-35,Male,North,Product A,5,Yes,Excellent
853,2026-05-02,18-25,Male,East,Product A,5,Yes,Excellent
854,2026-05-03,36-50,Female,East,Product C,4,Yes,Good
855,2026-05-04,18-25,Female,West,Product A,4,Yes,Good
856,2026-05-05,18-25,Male,North,Product B,5,Yes,Excellent
857,2026-05-06,18-25,Female,South,Product A,5,Yes,Excellent
858,2026-05-07,18-25,Male,East,Product A,4,Yes,Good
859,2026-05-08,26-35,Male,West,Product A,4,Yes,Good
860,2026-05-09,18-25,Male,North,Product A,5,Yes,Excellent
861,2026-05-10,26-35,Male,West,Product C,3,No,Average
862,2026-05-11,18-25,Female,South,Product A,5,Yes,Excellent
863,2026-05-12,26-35,Male,East,Product C,2,No,Poor
864,2026-05-13,18-25,Male,West,Product B,5,Yes,Excellent
865,2026-05-14,18-25,Female,West,Product B,4,Yes,Good
866,2026-05-15,26-35,Male,West,Product B,5,Yes,Excellent
867,2026-05-16,18-25,Female,South,Product B,4,Yes,Good
868,2026-05-17,18-25,Female,West,Product C,3,No,Average
869,2026-05-18,36-50,Female,South,Product A,4,Yes,Good
870,2026-05-19,36-50,Male,South,Product A,5,Yes,Excellent
871,2026-05-20,18-25,Female,South,Product C,3,No,Average
872,2026-05-21,18-25,Female,East,Product C,3,No,Average
873,2026-05-22,26-35,Male,East,Product C,4,Yes,Good
874,2026-05-23,18-25,Female,West,Product B,4,Yes,Good
875,2026-05-24,18-25,Female,West,Product C,3,No,Average
876,2026-05-25,18-25,Female,East,Product B,4,Yes,Good
877,2026-05-26,26-35,Female,North,Product B,5,Yes,Excellent
878,2026-05-27,26-35,Female,East,Product A,4,Yes,Good
879,2026-05-28,18-25,Male,South,Product B,5,Yes,Excellent
880,2026-05-29,18-25,Female,East,Product A,4,Yes,Good
881,2026-05-30,18-25,Female,South,Product A,5,Yes,Excellent
882,2026-05-31,26-35,Male,West,Product C,2,No,Poor
883,2026-06-01,18-25,Male,North,Product A,5,Yes,Excellent
884,2026-06-02,18-25,Male,West,Product A,5,Yes,Excellent
885,2026-06-03,26-35,Female,South,Product A,5,Yes,Excellent
886,2026-06-04,18-25,Male,South,Product C,4,Yes,Good
887,2026-06-05,26-35,Female,South,Product B,5,Yes,Excellent
888,2026-06-06,18-25,Female,North,Product B,4,Yes,Good
889,2026-06-07,18-25,Male,East,Product C,2,No,Poor
890,2026-06-08,18-25,Male,West,Product C,3,No,Average
891,2026-06-09,26-35,Female,West,Product A,5,Yes,Excellent
892,2026-06-10,36-50,Male,East,Product B,4,Yes,Good
893,2026-06-11,36-50,Female,West,Product C,4,Yes,Good
894,2026-06-12,18-25,Male,North,Product B,3,No,Average
895,2026-06-13,26-35,Male,West,Product A,5,Yes,Excellent
896,2026-06-14,18-25,Male,South,Product C,2,No,Poor
897,2026-06-15,18-25,Female,East,Product B,3,No,Average
898,2026-06-16,36-50,Male,North,Product A,5,Yes,Excellent
899,2026-06-17,18-25,Female,East,Product B,3,No,Average
900,2026-06-18,18-25,Female,North,Product A,5,Yes,Excellent
901,2026-06-19,18-25,Female,South,Product A,5,Yes,Excellent
902,2026-06-20,18-25,Female,East,Product C,4,Yes,Good
903,2026-06-21,18-25,Male,West,Product A,5,Yes,Excellent
904,2026-06-22,26-35,Female,North,Product B,4,Yes,Good
905,2026-06-23,18-25,Female,East,Product B,5,Yes,Excellent
906,2026-06-24,36-50,Male,West,Product A,5,Yes,Excellent
907,2026-06-25,36-50,Female,East,Product C,4,Yes,Good
908,2026-06-26,18-25,Male,East,Product A,5,Yes,Excellent
909,2026-06-27,18-25,Female,East,Product A,4,Yes,Good
910,2026-06-28,18-25,Male,North,Product A,5,Yes,Excellent
911,2026-06-29,26-35,Female,West,Product A,5,Yes,Excellent
912,2026-06-30,18-25,Male,South,Product A,4,Yes,Good
913,2026-07-01,26-35,Female,North,Product B,5,Yes,Excellent
914,2026-07-02,18-25,Female,North,Product C,4,Yes,Good
915,2026-07-03,26-35,Male,North,Product A,5,Yes,Excellent
916,2026-07-04,18-25,Male,South,Product B,4,Yes,Good
917,2026-07-05,18-25,Male,West,Product B,4,Yes,Good
918,2026-07-06,36-50,Male,West,Product C,2,No,Poor
919,2026-07-07,26-35,Female,West,Product B,4,Yes,Good
920,2026-07-08,18-25,Female,East,Product A,5,Yes,Excellent
921,2026-07-09,36-50,Male,East,Product A,5,Yes,Excellent
922,2026-07-10,18-25,Female,East,Product B,4,Yes,Good
923,2026-07-11,36-50,Male,South,Product C,4,Yes,Good
924,2026-07-12,26-35,Male,East,Product A,5,Yes,Excellent
925,2026-07-13,18-25,Female,South,Product A,5,Yes,Excellent
926,2026-07-14,18-25,Female,West,Product C,3,No,Average
927,2026-07-15,18-25,Female,East,Product C,4,Yes,Good
928,2026-07-16,26-35,Female,East,Product C,2,No,Poor
929,2026-07-17,26-35,Female,North,Product C,2,No,Poor
930,2026-07-18,18-25,Female,South,Product A,4,Yes,Good
931,2026-07-19,18-25,Female,West,Product B,5,Yes,Excellent
932,2026-07-20,36-50,Male,North,Product B,5,Yes,Excellent
933,2026-07-21,36-50,Male,North,Product A,5,Yes,Excellent
934,2026-07-22,26-35,Male,West,Product B,3,No,Average
935,2026-07-23,18-25,Male,North,Product B,5,Yes,Excellent
936,2026-07-24,18-25,Male,South,Product A,5,Yes,Excellent
937,2026-07-25,18-25,Female,South,Product C,2,No,Poor
938,2026-07-26,36-50,Male,East,Product B,4,Yes,Good
939,2026-07-27,18-25,Male,North,Product C,2,No,Poor
940,2026-07-28,26-35,Male,East,Product A,5,Yes,Excellent
941,2026-07-29,18-25,Male,North,Product A,4,Yes,Good
942,2026-07-30,26-35,Male,South,Product B,3,No,Average
943,2026-07-31,26-35,Male,South,Product A,5,Yes,Excellent
944,2026-08-01,36-50,Male,South,Product B,4,Yes,Good
945,2026-08-02,18-25,Female,North,Product C,4,Yes,Good
946,2026-08-03,18-25,Female,South,Product A,5,Yes,Excellent
947,2026-08-04,18-25,Male,North,Product B,3,No,Average
948,2026-08-05,36-50,Female,East,Product B,5,Yes,Excellent
949,2026-08-06,36-50,Female,North,Product A,5,Yes,Excellent
950,2026-08-07,26-35,Female,East,Product C,4,Yes,Good
951,2026-08-08,26-35,Female,North,Product C,4,Yes,Good
952,2026-08-09,26-35,Male,East,Product B,5,Yes,Excellent
953,2026-08-10,18-25,Female,South,Product B,5,Yes,Excellent
954,2026-08-11,36-50,Female,East,Product B,5,Yes,Excellent
955,2026-08-12,18-25,Female,South,Product C,2,No,Poor
956,2026-08-13,18-25,Male,South,Product B,3,No,Average
957,2026-08-14,26-35,Male,East,Product B,3,No,Average
958,2026-08-15,18-25,Male,North,Product C,3,No,Average
959,2026-08-16,18-25,Male,North,Product A,4,Yes,Good
960,2026-08-17,26-35,Male,West,Product C,2,No,Poor
961,2026-08-18,18-25,Male,North,Product A,5,Yes,Excellent
962,2026-08-19,26-35,Male,West,Product A,4,Yes,Good
963,2026-08-20,18-25,Female,North,Product A,5,Yes,Excellent
964,2026-08-21,18-25,Female,North,Product C,2,No,Poor
965,2026-08-22,18-25,Female,South,Product C,4,Yes,Good
966,2026-08-23,18-25,Male,West,Product B,4,Yes,Good
967,2026-08-24,26-35,Male,North,Product B,5,Yes,Excellent
968,2026-08-25,18-25,Male,West,Product B,5,Yes,Excellent
969,2026-08-26,26-35,Male,South,Product C,2,No,Poor
970,2026-08-27,18-25,Male,South,Product B,5,Yes,Excellent
971,2026-08-28,26-35,Female,West,Product A,5,Yes,Excellent
972,2026-08-29,36-50,Female,South,Product A,5,Yes,Excellent
973,2026-08-30,26-35,Male,East,Product C,4,Yes,Good
974,2026-08-31,18-25,Male,East,Product B,5,Yes,Excellent
975,2026-09-01,18-25,Male,South,Product A,5,Yes,Excellent
976,2026-09-02,18-25,Male,East,Product A,4,Yes,Good
977,2026-09-03,26-35,Female,North,Product C,2,No,Poor
978,2026-09-04,18-25,Male,West,Product A,5,Yes,Excellent
979,2026-09-05,18-25,Male,North,Product B,4,Yes,Good
980,2026-09-06,26-35,Male,West,Product C,2,No,Poor
981,2026-09-07,18-25,Male,South,Product B,3,No,Average
982,2026-09-08,26-35,Female,North,Product A,4,Yes,Good
983,2026-09-09,18-25,Male,South,Product B,3,No,Average
984,2026-09-10,18-25,Male,South,Product C,2,No,Poor
985,2026-09-11,26-35,Female,West,Product B,4,Yes,Good
986,2026-09-12,18-25,Female,West,Product C,4,Yes,Good
987,2026-09-13,26-35,Female,West,Product A,4,Yes,Good
988,2026-09-14,18-25,Male,North,Product B,3,No,Average
989,2026-09-15,18-25,Male,East,Product B,4,Yes,Good
990,2026-09-16,36-50,Female,West,Product C,3,No,Average
991,2026-09-17,26-35,Female,West,Product A,4,Yes,Good
992,2026-09-18,26-35,Female,North,Product C,3,No,Average
993,2026-09-19,18-25,Female,West,Product B,5,Yes,Excellent
994,2026-09-20,26-35,Female,North,Product A,5,Yes,Excellent
995,2026-09-21,18-25,Female,South,Product A,4,Yes,Good
996,2026-09-22,18-25,Male,West,Product C,2,No,Poor
997,2026-09-23,36-50,Male,West,Product A,5,Yes,Excellent
998,2026-09-24,18-25,Male,South,Product A,4,Yes,Good
999,2026-09-25,36-50,Female,South,Product A,5,Yes,Excellent
1000,2026-09-26,18-25,Female,South,Product C,4,Yes,Good
